id,name,language,games_names,play_count
124420521,lcs,,"League of Legends","21"
40017619,doublelift,,"League of Legends","20"
26513896,imls,,"League of Legends","21"
71761252,elwind,,"League of Legends","13"
39276140,rubius,,"World of Warcraft,Rust,Mario Kart 8,Cuphead","1,6,1,2"
185048086,wilbursoot,,"Minecraft,Rust","14,1"
71092938,xqcow,,"Minecraft,Fortnite,Cyberpunk 2077,Rust,Geometry Dash","1,2,3,6,1"
19942092,alexby11,,"Rust","4"
489155160,ranboolive,,"Minecraft","21"
22484632,forsen,,"Minecraft","10"
102339309,westonkoury,,"ROBLOX,Minecraft","1,4"
112078171,jackmanifoldtv,,"Minecraft","15"
30857876,folagorlives,,"Demon's Souls,Minecraft,Grand Theft Auto V,Rust","1,3,12,3"
121555768,teknoyd,,"Grand Theft Auto V,The Last of Us,Fortnite","14,1,2"
56514218,thedanirep,,"Rocket League,Grand Theft Auto V","9,10"
50237189,ratedepicz,,"Grand Theft Auto V","20"
233300375,clix,,"Fortnite","8"
245226810,jelty,,"Fortnite","4"
44424631,nickeh30,,"Fortnite","21"
32140000,sypherpk,,"Fortnite","20"
56649026,quin69,,"World of Warcraft,Minecraft,Path of Exile,Terraria,Subnautica","3,2,9,2,1"
25575995,mathil1,,"Path of Exile","21"
36483360,zizaran,,"Path of Exile","21"
27369897,lightee7,,"World of Warcraft,Path of Exile","5,16"
53052202,boltz,,"Counter-Strike: Global Offensive","13"
66076836,stewie2k,,"Counter-Strike: Global Offensive","21"
29468517,pago3,,"Counter-Strike: Global Offensive","19"
101286926,zony,,"Counter-Strike: Global Offensive,Grand Theft Auto V,Fortnite,Cyberpunk 2077,Rust,Golf With Your Friends","3,2,2,2,1,1"
38746172,esfandtv,,"World of Warcraft","2"
59624901,payo,,"World of Warcraft","17"
68266211,whaazz,,"World of Warcraft","20"
39677337,athenelive,,"World of Warcraft","9"
223191589,tubbo,,"Chess,Minecraft,Five Nights at Freddy's","1,16,1"
103268673,gmhikaru,,"Chess","16"
180671441,akanemsko,,"Chess","13"
25259668,chessbrah,,"Chess","20"
23097521,rizzo,,"Rocket League,Rust","20,1"
38121996,bastighg,,"Minecraft,Rocket League","18,2"
121767601,gaspowrl,,"Rocket League","16"
268250459,gladiator_rl,,"Rocket League","20"
40488774,stray228,,"Dota 2","1"
68950614,ybicanoooobov,,"Dota 2","1"
40754777,masondota2,,"Dota 2,Outlast","18,1"
24811779,wagamamatv,,"Dota 2","19"
415954300,nicewigg,,"Apex Legends","20"
37175851,nokokopuffs,,"Apex Legends","20"
216351084,dasoku_aniki,,"PLAYERUNKNOWN'S BATTLEGROUNDS,Apex Legends","3,15"
207356702,kannachan524,,"Apex Legends","1"
72550899,roshtein,,"Slots","19"
547554019,deuceace,,"Slots","20"
117031241,docjazy,,"Fortnite,Slots","3,15"
121228500,casinodaddy,,"Slots","21"
23220337,emongg,,"Rust,Overwatch","1,20"
182506427,yeatle,,"Overwatch","20"
42110202,elekkartofelek,,"Minecraft,Five Nights at Freddy's,Overwatch","2,1,2"
143078209,xzi_ow,,"Overwatch","18"
23161357,lirik,,"Counter-Strike: Global Offensive,DayZ,Cyberpunk 2077,Black Desert Online,Star Wars Battlefront II,Red Dead Redemption 2","1,2,4,1,1,2"
35860120,lumeifei,,"Star Wars Battlefront II","1"
22630664,whaddaweirdo,,"Star Wars Battlefront II","21"
40267688,giddy,,"Dead by Daylight,Star Wars Battlefront II","2,2"
137716270,phuzzybond,,"Sea of Thieves","19"
141957188,behavingbeardly,,"Sea of Thieves","21"
79365409,dedro3,,"Sea of Thieves","17"
450172317,happykrakenx,,"Sea of Thieves,Human: Fall Flat","19,2"
26301881,sodapoppin,,"Grand Theft Auto V,Overwatch,Dead by Daylight","1,1,1"
61812950,otzdarva,,"Dead by Daylight","15"
27586515,hexy,,"Dead by Daylight","20"
272818805,imzanetti,,"Dead by Daylight","15"
147729812,kriszhadvice,,"Fortnite,DayZ","5,11"
35685209,bibixhd,,"DayZ,PLAYERUNKNOWN'S BATTLEGROUNDS","17,2"
155042124,kurtiskush,,"Grand Theft Auto V,DayZ","14,2"
38958459,ceremor,,"DayZ,Rust,PLAYERUNKNOWN'S BATTLEGROUNDS","14,2,2"
1423946,gernaderjake,,"Destiny 2","20"
94760606,zkmushroom,,"Cyberpunk 2077,Destiny 2","1,19"
77913099,ifrostbolt,,"Destiny 2","18"
77138960,aelris_,,"Cyberpunk 2077,Destiny,Destiny 2","1,1,19"
198394486,carolinakelsen,,"Grand Theft Auto V,Outlast II","1,2"
194602053,senembyrm,,"Grand Theft Auto V,Outlast II","15,1"
211833304,lucsfdf,,"Euro Truck Simulator 2,Outlast II","1,1"
54601846,nocturnalnaomi,,"Fallout: New Vegas,The Elder Scrolls V: Skyrim,Fallout 4,Destiny 2,Fallout 76,Outlast II","2,6,7,1,1,1"
25640053,smii7y,,"Team Fortress 2,Rocket League,Raft","1,1,1"
10397006,jericho,,"Microsoft Flight Simulator,Cyberpunk 2077,Raft","1,1,1"
161404803,enigmastreamuje,,"Rocket League,Raft","1,1"
25093116,fl0m,,"Counter-Strike: Global Offensive,PLAYERUNKNOWN'S BATTLEGROUNDS,Raft","19,1,1"
85875635,raynarvaezjr,,"Stardew Valley","13"
164382183,damienhaas,,"Fortnite,The Sims 4,Kingdom Hearts III,Stardew Valley,Red Dead Redemption 2,Super Smash Bros. Ultimate,Sekiro: Shadows Die Twice,Hades","1,1,1,2,3,1,1,1"
3102991,axialmatt,,"Super Mario 64,The Legend of Zelda: The Wind Waker,Dead Space,The Elder Scrolls V: Skyrim,The Legend of Zelda: Breath of the Wild,Stardew Valley,Destiny 2,Hades","2,1,2,1,1,3,1,1"
28337972,limealicious,,"Super Mario 64,Super Mario Galaxy,The Elder Scrolls V: Skyrim,Stardew Valley,Monster Hunter: World,Hades","1,1,1,2,1,1"
97688606,ifamaz,,"ARK: Survival Evolved","1"
49048593,mukkayo,,"Rust,ARK: Survival Evolved","1,20"
21032715,warillions,,"Fortnite,ARK: Survival Evolved,Sea of Thieves,Apex Legends","1,16,3,1"
81532748,uhmaayyze,,"Friday the 13th: The Game,ARK: Survival Evolved,Destiny 2,Mortal Kombat 11","1,1,18,1"
116810429,ibdw,,"Super Smash Bros. Melee,Dark Souls","20,1"
143179706,feynris7,,"World of Warcraft,Dark Souls,The Legend of Zelda: Breath of the Wild,Bloodborne,Overwatch","1,1,2,1,3"
412186413,hiraki_kun,,"Dark Souls","21"
59204658,maarionete,,"Dark Souls,Bloodborne,Monster Hunter: World","10,8,1"
256976246,dajuah,,"Fortnite,The Evil Within,Outlast,Star Wars Jedi: Fallen Order","7,1,1,2"
82796259,k_hunk,,"Resident Evil 6,The Evil Within","2,10"
504773125,donclass,,"Counter-Strike: Global Offensive,The Evil Within","9,1"
513344138,the_biohazardking,,"Resident Evil 2,The Elder Scrolls V: Skyrim,The Last of Us,The Evil Within,Mario Kart 8,Five Nights at Freddy's,Gang Beasts,Subnautica,Detroit: Become Human,Super Smash Bros. Ultimate","1,1,1,6,1,2,1,2,1,1"
267373317,bobbybigballz19,,"Super Smash Bros. Melee","1"
38984738,ssbm_zamu,,"Super Smash Bros. Melee,Slay the Spire","20,1"
58221278,quiggles,,"Super Smash Bros. Melee,Sonic Adventure 2,Final Fantasy VII Remake","15,1,1"
51104502,sigmelee,,"Super Smash Bros. Melee","18"
176435448,captainberks,,"Star Citizen","15"
74878546,uber_nerd,,"Star Citizen","21"
26314683,redlir,,"Star Citizen","7"
26117845,ronusmc,,"EVE Online,Star Citizen","18,2"
165040132,frogman1,,"PLAYERUNKNOWN'S BATTLEGROUNDS","20"
182867055,hollywoodboblive,,"PLAYERUNKNOWN'S BATTLEGROUNDS","20"
22053765,drassel,,"Fortnite,PLAYERUNKNOWN'S BATTLEGROUNDS","1,17"
159270742,rushintenso,,"Counter-Strike: Global Offensive,PLAYERUNKNOWN'S BATTLEGROUNDS","1,19"
38327001,belamartiins,,"League of Legends,World of Warships","2,1"
46595619,thaldrinlol,,"League of Legends,World of Warships,Human: Fall Flat","11,1,1"
126918135,femennenly,,"World of Warships","19"
273024328,jamdearest,,"World of Warships","21"
25722719,dakillzor,,"World of Tanks","21"
278501824,clauskellerman,,"World of Tanks","21"
40104058,sofilein,,"World of Tanks","10"
93489181,carrybarry_,,"World of Tanks","21"
38978803,marco,,"The Legend of Zelda: Ocarina of Time,The Legend of Zelda: Majora's Mask","20,1"
38965212,zellyzel,,"The Legend of Zelda: Ocarina of Time","21"
139225033,savestate,,"The Legend of Zelda: Ocarina of Time,Super Smash Bros. Melee","4,14"
130045798,kurisutaru94,,"The Legend of Zelda: Ocarina of Time,The Legend of Zelda: Majora's Mask,The Legend of Zelda: Breath of the Wild","17,1,1"
161444554,luckyghosttv,,"The Elder Scrolls Online","21"
45984532,xynode,,"The Elder Scrolls Online","20"
64390837,zeusads,,"The Elder Scrolls Online,Black Desert Online","1,20"
36725419,tirinei,,"World of Warcraft,FINAL FANTASY XIV Online,The Elder Scrolls Online,Final Fantasy VII Remake","8,6,5,1"
30666848,hungrybox,,"Super Smash Bros. Melee,Super Smash Bros. Ultimate","5,13"
2601579,mew2king,,"Super Smash Bros. Melee,Super Smash Bros. Ultimate,Super Mario Maker 2","7,12,1"
134333812,mkleossb,,"Super Smash Bros. Ultimate","20"
91616150,lazaplays,,"League of Legends,Metro: Last Light,Fortnite,Anthem,PLAYERUNKNOWN'S BATTLEGROUNDS,A Way Out,Super Smash Bros. Ultimate","6,1,2,1,3,1,1"
173066877,jlbichouu,,"Grand Theft Auto V,Red Dead Redemption 2","10,2"
75058497,dvm_arkos,,"Red Dead Redemption 2","21"
179481238,jlfranklin_,,"Red Dead Redemption 2","1"
121571700,gettinduffedboy,,"Red Dead Redemption 2","20"
9192736,dekillsage,,"The Witcher 3: Wild Hunt,Dragon Ball FighterZ","1,20"
57003257,cloud_805,,"Dragon Ball FighterZ","18"
25117869,khalil_,,"Dragon Ball FighterZ","21"
32645411,tampaneversleeps,,"Ultimate Marvel vs. Capcom 3,Street Fighter V,Dragon Ball FighterZ,Super Smash Bros. Ultimate","9,2,1,9"
545050196,kato_junichi0817,,"7 Days to Die,Apex Legends","1,18"
62186098,flip_switch,,"The Elder Scrolls V: Skyrim,DayZ,Cyberpunk 2077,7 Days to Die,Friday the 13th: The Game,Raft,Beat Saber","3,1,1,4,4,1,1"
48228172,tigerwriter,,"7 Days to Die,Raft","9,1"
41227372,firecrow,,"7 Days to Die,Ghost of Tsushima","9,1"
89121512,janusz0821,,"Euro Truck Simulator 2,American Truck Simulator,Farming Simulator 19","7,1,1"
51073889,ooclanoo,,"Euro Truck Simulator 2","3"
38088857,xariel,,"iRacing,Euro Truck Simulator 2,American Truck Simulator","1,16,3"
121774367,dometludi,,"Euro Truck Simulator 2","15"
31500812,smitegame,,"SMITE","20"
106423240,fineokay,,"SMITE","21"
26302544,zapman,,"SMITE","20"
72586503,solodoublej,,"SMITE","21"
44390855,enviosity,,"Hollow Knight","1"
55706186,v0oid,,"Super Mario World 2: Yoshi's Island,Donkey Kong Country,Donkey Kong Country 2: Diddy's Kong Quest,Hollow Knight","1,5,12,1"
32778016,ax2u,,"Hollow Knight","20"
52507609,razbuten,,"Shadow of the Colossus,Resident Evil 2,The Legend of Zelda: Ocarina of Time,The Legend of Zelda: Twilight Princess,Subnautica,Life is Strange,Hollow Knight,Undertale,Ori and the Will of the Wisps,Getting Over It with Bennett Foddy,Control","1,1,1,1,3,1,1,1,1,2,1"
47972131,choice,,"Black Desert Online","21"
35965100,ealmasx,,"Microsoft Flight Simulator,Black Desert Online","1,18"
25700411,vert,,"Black Desert Online","21"
64260006,pandadruj,,"Black Desert Online","18"
29565445,h0llylp,,"Shadow of the Colossus,The Forest,Demon's Souls,Metro: Last Light,Overwatch,PLAYERUNKNOWN'S BATTLEGROUNDS,Slay the Spire,Metro Exodus,The Evil Within 2,Monster Hunter: World,Star Wars Jedi: Fallen Order","1,1,1,1,1,1,1,1,1,1,1"
497394251,urfairyfae,,"The Forest,Minecraft,The Elder Scrolls V: Skyrim,Cyberpunk 2077,Alien: Isolation,Stardew Valley,Getting Over It with Bennett Foddy","1,2,1,1,3,2,1"
101037427,xitusde,,"The Forest,Rocket League","1,1"
219190980,oh_sky,,"The Forest,Terraria,The Witcher 3: Wild Hunt,Subnautica,Stardew Valley,Super Mario Party","1,1,2,3,1,1"
123636515,nemz38,,"Dark Souls III,Sekiro: Shadows Die Twice","17,3"
61855433,squillakilla,,"Dark Souls,Bloodborne,Dark Souls III,Sekiro: Shadows Die Twice","10,1,8,1"
189719915,lily_charles,,"Resident Evil 2,The Witcher 3: Wild Hunt,Dark Souls III,Divinity: Original Sin II,A Way Out,Monster Hunter: World,Getting Over It with Bennett Foddy,Star Wars Jedi: Fallen Order,DOOM Eternal","1,1,5,1,1,1,2,1,1"
37746397,yorcia,,"Bloodborne,Dark Souls III,Days Gone,Shadow of the Tomb Raider,Sekiro: Shadows Die Twice","1,9,1,2,1"
23536056,walshy,,"Beyond: Two Souls,Halo 5: Guardians,Halo: The Master Chief Collection","1,5,10"
128002643,abature,,"Halo: The Master Chief Collection","18"
466846364,pennhalo,,"Halo 5: Guardians,Halo: The Master Chief Collection","2,19"
53710030,tripppey,,"Halo 5: Guardians,Halo: The Master Chief Collection","9,12"
410337040,ilpengwin,,"Virtual Casino","7"
528897216,ilgabbrone,,"Virtual Casino","2"
119272769,tylerstrikes,,"Virtual Casino,Fortnite,Super Smash Bros. Ultimate","5,2,3"
637740444,lydojoip_stream,,"Virtual Casino","2"
26921830,elajjaz,,"Demon's Souls,Dark Souls,Subnautica,HITMAN 2","4,2,1,3"
119690902,lprod_,,"Demon's Souls,Amnesia: The Dark Descent,Dark Souls,Cyberpunk 2077,Dark Souls II,Subnautica,Bloodborne,Dark Souls III,Nioh 2","4,1,1,1,1,1,2,8,1"
20786541,yogscast,,"Sid Meier's Civilization V,The Legend of Zelda: Breath of the Wild,Subnautica,Total War: Warhammer II","3,1,1,1"
158252261,justwerk,,"The Legend of Zelda: The Minish Cap,Shadow of the Colossus,Outlast,Halo: The Master Chief Collection,Subnautica,Overwatch,Dead by Daylight,Shadow of the Tomb Raider","1,1,1,1,1,3,1,1"
38874065,martinjuza,,"Magic: The Gathering","21"
180017676,magicblogtk,,"Magic: The Gathering","20"
228485853,voxy,,"Magic: The Gathering","17"
445887011,afterofficettv,,"Magic: The Gathering","20"
29835104,andy,,"The Legend of Zelda: A Link to the Past,The Legend of Zelda: Ocarina of Time","18,1"
159965232,dragon3652,,"The Legend of Zelda: A Link to the Past,Cyberpunk 2077,The Witcher 3: Wild Hunt,Destiny 2,Monster Hunter: World,Super Mario Maker 2","1,1,1,1,10,1"
73107772,xqews,,"The Legend of Zelda: A Link to the Past","21"
112553868,fullaire,,"Super Mario 64,Super Mario Sunshine,The Legend of Zelda: A Link to the Past,Banjo-Kazooie,The Legend of Zelda: Ocarina of Time","7,6,1,5,1"
92923446,pocketstream,,"MapleStory","17"
43979737,sacrix,,"MapleStory,League of Legends","19,1"
42023073,misusingtv,,"MapleStory","18"
47193301,scardor,,"MapleStory","21"
65719837,phunguy,,"Catherine,Phantasy Star Online 2,Undertale,Dead by Daylight,Monster Hunter: World,Outlast II,Apex Legends","2,1,1,4,2,2,1"
62720813,lunabunnii_,,"Final Fantasy XII,Catherine,Grand Theft Auto V,Until Dawn,Dead by Daylight,Dream Daddy: A Dad Dating Simulator,Apex Legends","1,1,1,5,4,2,3"
167776741,nessaelakha,,"Chrono Trigger,Final Fantasy VII,FINAL FANTASY XIV Online,Persona 5,Catherine,The Sims 4,Final Fantasy VII Remake,NieR: Automata","2,2,3,4,3,2,1,1"
197650567,lux_lupus,,"Final Fantasy X,Alice: Madness Returns,Catherine,Cyberpunk 2077,The Witcher 3: Wild Hunt","1,1,1,2,1"
23528098,avoidingthepuddle,,"Street Fighter III: 3rd Strike,The Legend of Zelda: Twilight Princess,Demon's Souls,Cyberpunk 2077","2,1,2,3"
60043099,kamuirobotics,,"The Legend of Zelda: Twilight Princess,Dark Souls,Bloodborne,Frostpunk,Octopath Traveler,Sekiro: Shadows Die Twice","1,2,1,1,1,7"
171414585,killkilltv,,"The Legend of Zelda: Ocarina of Time,The Legend of Zelda: Majora's Mask,The Legend of Zelda: Twilight Princess,The Legend of Zelda: Skyward Sword,Overwatch","5,1,1,1,1"
123504069,popesquidward,,"Super Mario 64,The Legend of Zelda: Ocarina of Time,The Legend of Zelda: Majora's Mask,The Legend of Zelda: Twilight Princess","1,2,16,1"
23810532,bungo21,,"The Witcher 3: Wild Hunt,Dark Souls III,NieR: Automata,Outlast II","1,2,1,1"
442835799,annabagunceira,,"The Witcher 3: Wild Hunt","21"
449455341,elquaria,,"L.A. Noire,Dark Souls,The Elder Scrolls V: Skyrim,The Legend of Zelda: Breath of the Wild,The Witcher 3: Wild Hunt,Hellblade: Senua's Sacrifice,Golf With Your Friends","4,1,1,1,1,1,1"
481684764,drunkleplays,,"Grand Theft Auto V,The Witcher 3: Wild Hunt,Monster Hunter: World,Fallout 76","1,5,1,1"
219184632,octolinghacker,,"Celeste,Splatoon 2","4,7"
93791508,rafakp,,"The Legend of Zelda: Breath of the Wild,Splatoon 2","1,10"
152121577,negus,,"Splatoon 2","20"
280649981,aconnormanning,,"Mario Kart 8,Splatoon 2","13,4"
53074198,zesty_jesus,,"Team Fortress 2","21"
138265666,rahmed,,"Team Fortress 2","17"
478429749,incafox,,"Team Fortress 2,Left 4 Dead 2,Counter-Strike: Global Offensive","13,2,3"
38965392,oceansblooftw,,"Team Fortress 2,Garry's Mod,Minecraft,Terraria,Counter-Strike: Global Offensive","12,1,1,2,1"
169747145,kalynnkoury,,"ROBLOX,Minecraft","1,6"
232925290,tekkito,,"ROBLOX","20"
77896186,oxsidiann,,"ROBLOX","21"
53129923,fusionindy,,"ROBLOX","21"
140927415,heroeshearth,,"Heroes of the Storm","20"
30209220,liquidhasuobs,,"Resident Evil 2,Heroes of the Storm","1,18"
106673597,turk,,"League of Legends,Heroes of the Storm","2,18"
82493955,malganyr,,"World of Warcraft,Heroes of the Storm,PLAYERUNKNOWN'S BATTLEGROUNDS","3,16,1"
60834816,gersoonsg,,"Plants vs. Zombies,Minecraft","1,16"
602332387,jamonziny_32,,"Plants vs. Zombies,Minecraft,Resident Evil 6,Outlast","1,1,2,1"
130545882,tz_scion,,"Super Mario 64,Plants vs. Zombies","4,15"
72973709,mercury3rd,,"Plants vs. Zombies,Overwatch,Divinity: Original Sin II","1,1,2"
38998212,de_rebecca,,"FINAL FANTASY XIV Online,Warframe","4,17"
32679000,mrhappy1227,,"FINAL FANTASY XIV Online","15"
188232354,ayyitschevy,,"FINAL FANTASY XIV Online,Destiny 2","2,18"
92141577,trotlinebeercan,,"World of Warcraft,FINAL FANTASY XIV Online","1,2"
49749086,deligracy,,"Fortnite,The Sims 4","1,19"
169130874,risshella,,"The Sims 4,Cities: Skylines,Overwatch,ARK: Survival Evolved","12,1,3,1"
125323544,xo_trixy,,"Grand Theft Auto V,The Sims 4","1,1"
490233728,penelopeford,,"Crash Bandicoot,The Legend of Zelda: Breath of the Wild,The Sims 4","1,2,6"
436815633,deshplease,,"World of Warcraft,Minecraft,The Elder Scrolls Online,Cyberpunk 2077,Monster Hunter: World","2,1,10,6,1"
49197288,geekremix,,"Resident Evil 3: Nemesis,Final Fantasy XIII,Fortnite,Cyberpunk 2077,Beyond: Two Souls,Life is Strange,Red Dead Redemption 2,Days Gone,Sekiro: Shadows Die Twice","1,1,1,2,1,2,1,1,2"
269642998,hannahsulu,,"The Legend of Zelda: Majora's Mask,Cyberpunk 2077,The Legend of Zelda: Breath of the Wild,The Witcher 3: Wild Hunt,Alien: Isolation,Stardew Valley,Dead by Daylight,NieR: Automata,Overcooked! 2","1,1,3,2,1,2,1,1,1"
74027345,meghan_yeah,,"Resident Evil 4,DOOM,Resident Evil 2,Fallout 3,Grand Theft Auto V,Cyberpunk 2077,Metal Gear Solid V: The Phantom Pain,Assassin's Creed IV: Black Flag,Bloodborne,Days Gone,Detroit: Become Human,Ghost of Tsushima","1,1,1,4,1,1,1,1,1,2,1,1"
636819174,trakyalicengo,,"Knight Online","2"
111000855,vbenzeri,,"Knight Online,Counter-Strike: Global Offensive","19,1"
102337882,thismyexplosion,,"Knight Online","21"
147431412,suzan,,"League of Legends,Knight Online","1,10"
41848518,nietmeg,,"Europa Universalis IV","1"
52415737,lctrfan,,"Microsoft Flight Simulator,Counter-Strike: Global Offensive,Kerbal Space Program,Europa Universalis IV","1,1,2,1"
479716356,caimansense,,"Europa Universalis IV,Dark Souls III,Red Dead Redemption 2,Sekiro: Shadows Die Twice,TETRIS 99,Super Mario Maker 2","1,1,1,1,4,5"
97334196,petapit,,"League of Legends,Europa Universalis IV,Dead by Daylight,Insurgency: Sandstorm","1,1,1,1"
42360116,cheese,,"Super Mario 64,The Legend of Zelda: Ocarina of Time,Super Smash Bros. Melee","14,1,3"
30105209,puncayshun,,"Super Mario 64","20"
132177197,nerdovernews,,"Super Mario 64","1"
35958947,squeex15,,"Super Mario 64,Counter-Strike: Global Offensive,Star Wars Jedi: Fallen Order","8,12,1"
214100128,kinetikghost,,"Darkest Dungeon,Red Dead Redemption 2,They Are Billions","1,1,16"
110014488,oranor_games,,"God of War,Mass Effect 3,Dark Souls,Dark Souls III,Sea of Thieves,Sid Meier's Civilization VI,NieR: Automata,They Are Billions","1,3,2,1,1,1,1,1"
20899820,emil,,"They Are Billions","12"
123295261,peeceful,,"Fortnite,7 Days to Die,They Are Billions","9,1,1"
70902416,charmedbaryon,,"The Elder Scrolls IV: Oblivion,The Elder Scrolls V: Skyrim","1,20"
545593096,chaoticneutralgoblin,,"The Elder Scrolls V: Skyrim,The Witcher 3: Wild Hunt,Stardew Valley,Dead by Daylight,Star Wars Jedi: Fallen Order,Apex Legends","5,6,1,1,1,3"
67642521,yunsuper,,"The Elder Scrolls V: Skyrim","21"
26953922,wrecklesseating,,"Fallout: New Vegas,The Elder Scrolls V: Skyrim,Grand Theft Auto V,Dead by Daylight,WWE 2K19,Apex Legends","1,1,1,1,2,6"
31923351,quanaril,,"Subnautica,Sea of Thieves,Human: Fall Flat,Sid Meier's Civilization VI,Detroit: Become Human","1,7,1,1,1"
140191941,strategieecke,,"Europa Universalis IV,Stellaris,Sid Meier's Civilization VI,PLAYERUNKNOWN'S BATTLEGROUNDS","4,2,1,3"
88692625,begrol,,"Magic: The Gathering,Path of Exile,XCOM 2,Fallout 4,Sid Meier's Civilization VI","1,1,1,1,15"
42316642,bosluk,,"Age of Empires III,Counter-Strike: Global Offensive,Sid Meier's Civilization VI,Fallout 76","1,2,1,1"
238201340,tiosgaming,,"Demon's Souls,Mass Effect 3,Dark Souls,Warframe,The Witcher 3: Wild Hunt,Bloodborne,Hollow Knight,Super Mario Odyssey,Monster Hunter: World,Sekiro: Shadows Die Twice","1,1,4,1,2,1,2,1,2,1"
489046318,lvlupduo,,"Grand Theft Auto V,Sea of Thieves,Monster Hunter: World,World War Z","3,1,8,1"
47862305,robi,,"World of Warcraft,Fortnite,Monster Hunter: World","7,2,1"
236970601,linyiai,,"Grand Theft Auto V,Monster Hunter: World","19,1"
59670910,diabeuu6,,"Minecraft,Rust,Dead by Daylight,Hades","16,2,1,1"
40229884,julia_tv,,"Fortnite,Alien: Isolation,PLAYERUNKNOWN'S BATTLEGROUNDS,Conan Exiles,Hades","1,1,7,1,1"
187702840,bearsandbeets,,"The Legend of Zelda: A Link to the Past,The Legend of Zelda: Ocarina of Time,Fallout: New Vegas,The Legend of Zelda: Breath of the Wild,Hollow Knight,Sea of Thieves,Hades","6,2,2,3,4,1,1"
155040084,geeohmtv,,"Car Mechanic Simulator 2018,Hades","1,1"
448435943,borja_zazo,,"iRacing","19"
102167115,caseykirwan,,"iRacing","19"
171233271,keny500,,"iRacing","21"
191689695,arana_racing,,"iRacing","20"
27481628,fgtvlive,,"Ultimate Marvel vs. Capcom 3,Street Fighter V","3,6"
36254610,batera,,"Grand Theft Auto V,Street Fighter V","2,1"
22128616,dark817,,"Street Fighter V","21"
85946128,shakzldn,,"Street Fighter V","21"
74371355,tortillasquad,,"Minecraft,Dark Souls,Cyberpunk 2077,Battlefield 4,Bloodborne,Battlefield 1,American Truck Simulator,Dark Souls III,Star Wars Battlefront II,Ori and the Will of the Wisps,Sekiro: Shadows Die Twice","4,2,2,1,1,3,1,2,1,1,1"
464062360,pchooly,,"Bloodborne","1"
593886715,elimenop3,,"Amnesia: The Dark Descent,Outlast,The Witcher 3: Wild Hunt,Alien: Isolation,Bloodborne,Outlast II","2,1,2,4,1,1"
72214251,olinsha,,"Dark Souls,Dark Souls II,Bloodborne,Hollow Knight,Octopath Traveler,Monster Hunter: World,Nioh 2","4,1,5,1,1,2,1"
87111052,pointcrow,,"The Legend of Zelda: Ocarina of Time,Minecraft,The Legend of Zelda: Breath of the Wild,Super Mario Odyssey","1,2,12,1"
32709623,johnnyboomr,,"The Legend of Zelda: Breath of the Wild","20"
93840161,aifedesglitch,,"The Legend of Zelda: Majora's Mask,Minecraft,The Legend of Zelda: Breath of the Wild","2,1,16"
40632346,nukkular_reaction,,"Super Mario RPG: Legend of the Seven Stars,The Legend of Zelda: A Link to the Past,Banjo-Kazooie,The Legend of Zelda: Ocarina of Time,Super Mario Galaxy,Super Mario Galaxy 2,The Legend of Zelda: Breath of the Wild,Super Mario Maker 2","1,1,1,5,1,1,1,2"
45509669,wolfdnc,,"Resident Evil 3: Nemesis,Resident Evil 2","15,5"
58839434,nixissues,,"Resident Evil 3: Nemesis,Resident Evil 2,Halo 5: Guardians","1,9,1"
122235507,mattdaroc,,"Resident Evil 3: Nemesis,Resident Evil,Resident Evil 2,Resident Evil 6","2,6,6,3"
52265302,rhadex,,"Resident Evil 2,World of Warcraft,Heavy Rain,Minecraft,Grand Theft Auto V,Battlefield 1,PLAYERUNKNOWN'S BATTLEGROUNDS,Detroit: Become Human,Outlast II","1,1,1,3,1,1,1,1,1"
160347916,sadge_i_watch_erobb,,"Grand Theft Auto: San Andreas,Bully,Mario Kart Wii,Fallout: New Vegas,Counter-Strike: Global Offensive","1,1,6,1,6"
76401948,yenyo93,,"Grand Theft Auto: San Andreas","2"
143049655,bajodot,,"Grand Theft Auto: San Andreas,Grand Theft Auto V","20,1"
147385710,sutton08,,"Grand Theft Auto: San Andreas,ROBLOX,Minecraft,Undertale","2,1,1,1"
152522007,virtualfarmer,,"Farming Simulator 19","19"
45137838,thenorthernalex,,"Euro Truck Simulator 2,American Truck Simulator,Farming Simulator 19","3,5,4"
81865276,gamekeepers_cz,,"Euro Truck Simulator 2,Farming Simulator 19","4,5"
535052072,flocus1,,"Farming Simulator 19","7"
430957098,panpawlowski,,"Tekken 7","1"
35739181,kingjae,,"Fortnite,Tekken 7,SoulCalibur VI","1,18,1"
85096906,sephiblack,,"Tekken 7","18"
28495513,devilnin,,"Tekken 7","18"
63428584,theeuropeancanadian,,"War Thunder","19"
51010831,d31m0s,,"World of Tanks,War Thunder","1,20"
87671535,wingalingdragon,,"War Thunder","21"
88411623,sonar_chief,,"War Thunder","21"
24643779,netherrealm,,"Injustice 2,Mortal Kombat 11","7,11"
30011711,playstation,,"Death Stranding,Days Gone,Mortal Kombat 11","4,1,2"
88941949,hayateilolol,,"Mortal Kombat 11","21"
158393595,mfslayer_,,"Injustice 2,Mortal Kombat 11","6,15"
28575692,mistermv,,"Mario Kart 8,Street Fighter V","1,1"
85800130,etoiles,,"Mario Kart 8","5"
36318615,theguill84,,"Minecraft,Mario Kart 8","17,1"
198506129,solaryfortnite,,"Grand Theft Auto V,Fortnite,Mario Kart 8","7,13,1"
26464160,chusommontero,,"Dark Souls,Rust,Dark Souls III,Sekiro: Shadows Die Twice","4,7,5,3"
148318614,onclesam,,"God of War,Rocket League,Monster Hunter: World,Sekiro: Shadows Die Twice","2,2,10,1"
92983458,xmanager19,,"Resident Evil 3: Nemesis,Resident Evil 2,Fortnite,Gwent: The Witcher Card Game,Sekiro: Shadows Die Twice","1,11,1,3,1"
122427579,bollostream,,"Resident Evil 2,Nioh,Dark Souls,Dark Souls II,Hollow Knight,Dark Souls III,Wolcen: Lords of Mayhem,Red Dead Redemption 2,Sekiro: Shadows Die Twice,Nioh 2","1,1,1,1,1,4,1,1,7,1"
551141626,yumi_ai_,,"Half-Life,Dark Souls,PAYDAY 2,Celeste,Sid Meier's Civilization VI","2,1,1,1,1"
423597670,thedamontaekxng,,"PAYDAY 2","10"
436670637,elycountry,,"Grand Theft Auto V,PAYDAY 2","2,17"
31247133,abovbeyond,,"PAYDAY 2","20"
38970506,themexicanrunner,,"The Legend of Zelda: Ocarina of Time,Cuphead","1,6"
264442698,odacchi,,"Cuphead,Red Dead Redemption 2","2,1"
93733082,zenifo720,,"League of Legends,Rocket League,Fortnite,Dark Souls II,Cuphead,Sea of Thieves,Dead by Daylight,Destiny 2,Apex Legends","1,2,3,1,2,1,1,1,1"
96838830,velken7,,"Resident Evil 2,Demon's Souls,Rocket League,Mario Kart 8,Five Nights at Freddy's,Uncharted 4: A Thief's End,Cuphead,Dreams,Apex Legends,TETRIS 99,Super Mario Maker 2","1,1,1,1,1,1,2,1,4,1,1"
44034733,mightyteapot,,"Guild Wars 2","21"
88654184,boycerino,,"Guild Wars 2","20"
181297520,snuggle_bug,,"World of Warcraft,Guild Wars 2,Ori and the Blind Forest","2,11,1"
271568037,ryan_okay_werk,,"Guild Wars 2","20"
92607762,gotron88,,"League of Legends,Terraria,Stardew Valley,Slay the Spire,Destiny 2,TETRIS 99","1,1,1,1,1,8"
190328851,carpoem,,"BioShock,Fallout: New Vegas,Overwatch,Undertale,Stardew Valley,TETRIS 99","1,3,1,4,2,1"
133619926,beef_house,,"TETRIS 99","4"
437272447,jordan_thejordan,,"TETRIS 99","1"
245963412,kawspire,,"Super Mario Odyssey,Super Smash Bros. Ultimate,Super Mario Maker 2","2,1,14"
44292886,katz4,,"Super Mario Maker 2","16"
64331089,realbchin,,"Super Mario Maker 2","21"
528378585,iamaa_ron,,"Super Mario Maker 2","18"
529253955,hattrickhero777,,"Yakuza 4","1"
81263700,rionofbahamut,,"Final Fantasy VI,Chrono Trigger,Yakuza 4,Danganronpa: Trigger Happy Havoc,Danganronpa V3: Killing Harmony","10,1,1,1,1"
71323967,kronicjimi,,"League of Legends,Yakuza 4","1,1"
217263262,sebas7ian_tv,,"Fortnite,Brawlhalla","1,17"
610454001,crayonbh,,"Brawlhalla","20"
118520468,pushplaythedj,,"Brawlhalla,Overwatch","1,2"
261006900,lesglandusbrawlhalla,,"Brawlhalla","21"
113337802,iris,,"Dota 2,Counter-Strike: Global Offensive,Grand Theft Auto V,PLAYERUNKNOWN'S BATTLEGROUNDS,Detroit: Become Human,Ghost of Tsushima","1,1,3,6,1,1"
552334449,wrenpls,,"SOMA,Bloodborne,Dark Souls III,Ghost of Tsushima,Super Mario Bros.","1,13,5,1,1"
89057231,itstina,,"Chrono Trigger,The Legend of Zelda: Majora's Mask,Persona 5,The Legend of Zelda: Breath of the Wild,The Witcher 3: Wild Hunt,Darkest Dungeon,Bloodborne,Dark Souls III,Ghost of Tsushima","1,1,3,2,4,1,1,1,1"
47964867,cheesewiz,,"Resident Evil 2,Home Sweet Home,The Legend of Zelda: Breath of the Wild,Cuphead,Dark Souls III,Far Cry 5,Getting Over It with Bennett Foddy,Ghost of Tsushima,Super Smash Bros. Ultimate,Super Mario Maker 2","1,1,1,1,1,2,1,1,1,3"
94978282,pautorre88,,"Project Zomboid,The Last of Us,Until Dawn,Cuphead,60 Seconds!","2,1,4,1,1"
142470302,c4ndymon,,"Counter-Strike: Global Offensive,Fortnite,Overwatch,60 Seconds!,Apex Legends","5,4,1,1,1"
624900841,rds_trax,,"60 Seconds!","1"
522193703,justchus,,"Left 4 Dead 2,Apex Legends","1,1"
41315754,siilto,,"League of Legends,Left 4 Dead 2,Minecraft,Counter-Strike: Global Offensive","1,8,6,6"
140560355,jellylawlor,,"Left 4 Dead 2,Project Zomboid,Stranded Deep,Dead by Daylight","1,1,1,13"
92641312,ryanuzumakitv,,"Left 4 Dead 2,Until Dawn","2,1"
124069876,amaraslgh,,"Grand Theft Auto V,The Legend of Zelda: Breath of the Wild,Subnautica,Friday the 13th: The Game,Sea of Thieves,Tricky Towers,Star Wars Jedi: Fallen Order","1,2,1,1,2,1,1"
87332202,thunderceptor11,,"Chess,Bloodborne,Golf With Your Friends,Celeste,Ghost of Tsushima,Star Wars Jedi: Fallen Order","1,1,1,3,2,3"
259852494,siborgreal,,"ROBLOX,Fortnite,American Truck Simulator,Star Wars Battlefront II,Star Wars Jedi: Fallen Order","6,1,1,1,1"
90331618,wizardofthesea,,"League of Legends,Minecraft,The Legend of Zelda: Breath of the Wild,Hollow Knight,Dark Souls III,Ghost of Tsushima,Star Wars Jedi: Fallen Order","1,2,3,1,2,1,1"
85708507,backgroundguy02,,"Chrono Trigger,Final Fantasy X,Final Fantasy VIII,Final Fantasy VII,Final Fantasy Tactics,Final Fantasy XIII","1,3,1,2,1,1"
49385026,daspharaoh,,"Final Fantasy XIII,Lightning Returns: Final Fantasy XIII","20,1"
25277421,n8nmonster,,"Resident Evil 2,Final Fantasy XIII,Resident Evil 6,Final Fantasy VII Remake,Dead by Daylight","1,1,1,1,3"
483720574,violaxcore,,"Final Fantasy XIII","2"
140808923,laserbelch,,"Super Mario World,Super Mario Maker 2","19,2"
98436533,shoujo,,"Super Mario World,Super Mario Maker 2","5,11"
70389580,papanug,,"Super Mario World,Final Fantasy X","14,1"
22618204,failstream,,"Super Mario World,Super Mario Maker 2","2,1"
35833485,brozime,,"Warframe,The Witcher 3: Wild Hunt,Anthem,HITMAN 2","13,1,4,1"
108491208,gaz_ttv,,"Warframe","21"
181913766,jermo936,,"Warframe,Apex Legends","17,3"
547558893,dead_cell_gaming,,"Warframe","5"
44846249,mosterdpottv,,"Project Zomboid,The Long Dark,Alien: Isolation","1,19,1"
46159324,tront_,,"Minecraft,Project Zomboid,Grand Theft Auto V,Cyberpunk 2077,Euro Truck Simulator 2,My Summer Car","2,3,4,1,3,5"
41877619,sizzurb,,"Project Zomboid","21"
50364080,acaptainmouse,,"Project Zomboid,Monster Hunter: World","5,11"
140289175,oceanmud,,"Gwent: The Witcher Card Game","21"
151054765,ziomaruth24,,"Gwent: The Witcher Card Game","18"
142325301,quillandlance,,"Gwent: The Witcher Card Game","20"
36625020,thatsadmirable,,"Gwent: The Witcher Card Game,Hades","2,2"
264341908,dmcdanterk,,"Ragnarok Online","20"
101692629,radaxt,,"Ragnarok Online","21"
30615852,cavalcantegb,,"Ragnarok Online,Left 4 Dead 2","20,1"
123476421,devanirmamba,,"Ragnarok Online,League of Legends","16,1"
101798128,blackbox711,,"Microsoft Flight Simulator","1"
70551719,simcaesar,,"Microsoft Flight Simulator","11"
140980155,liveflyguy,,"Microsoft Flight Simulator","3"
215498532,slantalphaadventures,,"Microsoft Flight Simulator,X-Plane 11","13,8"
564611437,kusurikoito,,"Danganronpa: Trigger Happy Havoc,Monster Hunter: World,Apex Legends","2,2,1"
17894470,paritydesu,,"Resident Evil 2,The Witcher,World of Warcraft,Danganronpa: Trigger Happy Havoc,Super Mario Odyssey","1,1,1,2,1"
630135184,jessies_bizarre_adventure,,"Danganronpa: Trigger Happy Havoc","3"
150050149,barucafe,,"The Legend of Zelda: A Link to the Past,Danganronpa: Trigger Happy Havoc","2,1"
51335027,condifiction,,"Resident Evil 2,Minecraft,Outlast,Darkest Dungeon,Beat Saber,Super Smash Bros. Ultimate","1,2,2,1,1,1"
47320688,electrostats,,"Rocket League,Fortnite,Beat Saber","1,2,18"
60448048,subtracticat,,"Beat Saber","20"
87734198,silverwingpegasus,,"The Elder Scrolls V: Skyrim,Ghost of Tsushima,Beat Saber","10,1,1"
